Student_ID,Age,Gender,Academic_Level,Country,Avg_Daily_Usage_Hours,Most_Used_Platform,Affects_Academic_Performance,Sleep_Hours_Per_Night,Mental_Health_Score,Relationship_Status,Conflicts_Over_Social_Media,Addicted_Score,Sleep_Adjustment,computed_addiction_score,addiction_level,cluster
1,19,Female,Undergraduate,Bangladesh,5.2,Instagram,Yes,6.5,6,In Relationship,3,8,0,22.4,Medium,1
2,22,Male,Graduate,India,2.1,Twitter,No,7.5,8,Single,0,3,0,8.7,Low,2
3,20,Female,Undergraduate,Usa,6.0,Tiktok,Yes,5.0,5,Complicated,4,9,-5,20.5,Medium,1
4,18,Male,High School,Uk,3.0,Youtube,No,7.0,7,Single,1,4,0,12.0,Low,2
5,21,Male,Graduate,Canada,4.5,Facebook,Yes,6.0,6,In Relationship,2,7,0,19.5,Medium,0
6,19,Female,Undergraduate,Australia,7.2,Instagram,Yes,4.5,4,Complicated,5,9,-5,22.9,Medium,1
7,23,Male,Graduate,Germany,1.5,Linkedin,No,8.0,9,Single,0,2,0,6.0,Low,2
8,20,Female,Undergraduate,Brazil,5.8,Snapchat,Yes,6.0,6,In Relationship,2,8,0,23.6,Medium,1
9,18,Male,High School,Japan,4.0,Tiktok,No,6.5,7,Single,1,5,0,15.5,Medium,2
10,21,Female,Graduate,South Korea,3.3,Instagram,No,7.0,7,In Relationship,1,4,0,12.6,Low,2
11,19,Male,Undergraduate,France,4.8,Snapchat,Yes,6.2,5,Complicated,3,7,0,20.1,Medium,1
12,20,Female,Undergraduate,Spain,5.5,Tiktok,Yes,5.8,6,In Relationship,2,8,-5,18.0,Medium,0
13,22,Male,Graduate,Italy,2.8,Linkedin,No,7.2,8,Single,1,4,0,11.6,Low,2
14,18,Female,High School,Mexico,6.5,Instagram,Yes,5.5,5,Single,4,9,-5,21.5,Medium,1
15,21,Male,Undergraduate,Russia,3.7,Youtube,No,6.8,7,In Relationship,2,5,0,14.9,Low,2
16,20,Female,Undergraduate,China,4.2,Tiktok,Yes,6.0,6,Complicated,3,7,0,18.9,Medium,0
17,24,Male,Graduate,Sweden,2.0,Linkedin,No,7.8,8,Single,0,3,0,8.5,Low,2
18,19,Female,High School,Norway,5.0,Instagram,Yes,5.7,5,In Relationship,3,8,-5,17.0,Medium,0
19,21,Male,Undergraduate,Denmark,3.5,Facebook,No,6.7,7,Single,1,5,0,14.5,Low,2
20,20,Female,Undergraduate,Netherlands,4.7,Snapchat,Yes,5.9,6,Complicated,3,7,-5,14.899999999999999,Low,2
21,18,Male,High School,Belgium,5.3,Tiktok,Yes,5.5,5,Single,4,8,-5,17.6,Medium,0
22,23,Female,Graduate,Switzerland,2.5,Linkedin,No,7.3,8,In Relationship,1,4,0,11.0,Low,2
23,19,Male,Undergraduate,Austria,4.9,Instagram,Yes,5.8,6,Complicated,3,7,-5,15.3,Medium,2
24,20,Female,Undergraduate,Portugal,5.7,Tiktok,Yes,5.4,5,Single,4,8,-5,18.4,Medium,0
25,22,Male,Graduate,Greece,3.2,Facebook,No,6.9,7,In Relationship,2,5,0,13.9,Low,2
26,19,Female,High School,Ireland,6.1,Instagram,Yes,5.2,5,Complicated,4,9,-5,20.7,Medium,1
27,21,Male,Undergraduate,New Zealand,3.8,Youtube,No,6.6,7,Single,1,5,0,15.1,Medium,2
28,20,Female,Undergraduate,Singapore,4.4,Tiktok,Yes,5.9,6,In Relationship,3,7,-5,14.3,Low,2
29,24,Male,Graduate,Malaysia,2.2,Linkedin,No,7.4,8,Single,0,3,0,8.9,Low,2
30,19,Female,High School,Thailand,5.9,Instagram,Yes,5.3,5,Complicated,4,8,-5,18.8,Medium,0
31,21,Male,Undergraduate,Vietnam,3.6,Facebook,No,6.7,7,Single,1,5,0,14.7,Low,2
32,20,Female,Undergraduate,Philippines,4.8,Snapchat,Yes,5.7,6,In Relationship,3,7,-5,15.100000000000001,Medium,2
33,18,Male,High School,Indonesia,5.4,Tiktok,Yes,5.4,5,Complicated,4,8,-5,17.8,Medium,0
34,23,Female,Graduate,Taiwan,2.6,Linkedin,No,7.2,8,Single,1,4,0,11.2,Low,2
35,19,Male,Undergraduate,Hong Kong,4.7,Instagram,Yes,5.8,6,In Relationship,3,7,-5,14.899999999999999,Low,2
36,20,Female,Undergraduate,Turkey,5.6,Tiktok,Yes,5.5,5,Complicated,4,8,-5,18.2,Medium,0
37,22,Male,Graduate,Israel,3.1,Facebook,No,6.8,7,Single,1,5,0,13.7,Low,2
38,19,Female,High School,Uae,6.2,Instagram,Yes,5.1,5,In Relationship,4,9,-5,20.9,Medium,1
39,21,Male,Undergraduate,Egypt,3.9,Youtube,No,6.5,7,Complicated,2,6,0,16.8,Medium,0
40,20,Female,Undergraduate,Morocco,4.5,Tiktok,Yes,5.8,6,Single,3,7,-5,14.5,Low,2
41,24,Male,Graduate,South Africa,2.3,Linkedin,No,7.3,8,In Relationship,1,4,0,10.6,Low,2
42,19,Female,High School,Nigeria,5.8,Instagram,Yes,5.4,5,Complicated,4,8,-5,18.6,Medium,0
43,21,Male,Undergraduate,Kenya,3.7,Facebook,No,6.6,7,Single,2,5,0,14.9,Low,2
44,20,Female,Undergraduate,Ghana,4.6,Snapchat,Yes,5.7,6,In Relationship,3,7,-5,14.7,Low,2
45,18,Male,High School,Argentina,5.5,Tiktok,Yes,5.3,5,Single,4,8,-5,18.0,Medium,0
46,23,Female,Graduate,Chile,2.7,Linkedin,No,7.1,8,Complicated,1,4,0,11.4,Low,2
47,19,Male,Undergraduate,Colombia,4.8,Instagram,Yes,5.9,6,In Relationship,3,7,-5,15.100000000000001,Medium,2
48,20,Female,Undergraduate,Peru,5.5,Tiktok,Yes,5.6,5,Single,4,8,-5,18.0,Medium,0
49,22,Male,Graduate,Venezuela,3.3,Facebook,No,6.7,7,In Relationship,2,5,0,14.1,Low,2
50,19,Female,High School,Ecuador,6.3,Instagram,Yes,5.2,5,Complicated,4,9,-5,21.1,Medium,1
51,21,Male,Undergraduate,Uruguay,3.8,Youtube,No,6.4,7,Single,2,6,0,16.6,Medium,0
52,20,Female,Undergraduate,Paraguay,4.7,Tiktok,Yes,5.8,6,In Relationship,3,7,-5,14.899999999999999,Low,2
53,24,Male,Graduate,Bolivia,2.4,Linkedin,No,7.2,8,Complicated,1,4,0,10.8,Low,2
54,19,Female,High School,Costa Rica,5.7,Instagram,Yes,5.5,5,Single,4,8,-5,18.4,Medium,0
55,21,Male,Undergraduate,Panama,3.6,Facebook,No,6.5,7,In Relationship,2,5,0,14.7,Low,2
56,20,Female,Undergraduate,Jamaica,4.9,Snapchat,Yes,5.6,6,Complicated,3,7,-5,15.3,Medium,2
57,18,Male,High School,Trinidad,5.6,Tiktok,Yes,5.2,5,Single,4,8,-5,18.2,Medium,0
58,23,Female,Graduate,Bahamas,2.8,Linkedin,No,7.0,8,In Relationship,1,4,0,11.6,Low,2
59,19,Male,Undergraduate,Iceland,4.6,Instagram,Yes,5.9,6,Complicated,3,7,-5,14.7,Low,2
60,20,Female,Undergraduate,Finland,5.4,Tiktok,Yes,5.7,5,Single,4,8,-5,17.8,Medium,0
61,22,Male,Graduate,Poland,3.1,Facebook,No,7.1,7,Single,1,5,0,13.7,Low,2
62,19,Female,Undergraduate,Romania,5.6,Instagram,Yes,5.6,5,In Relationship,3,8,-5,18.2,Medium,0
63,20,Male,Undergraduate,Hungary,4.2,Tiktok,Yes,6.0,6,Complicated,3,7,0,18.9,Medium,0
64,18,Female,High School,Czech Republic,6.1,Snapchat,Yes,5.2,4,Single,4,9,-5,20.7,Medium,1
65,23,Male,Graduate,Slovakia,2.3,Linkedin,No,7.4,8,In Relationship,1,3,0,9.1,Low,2
66,21,Female,Undergraduate,Croatia,4.8,Instagram,Yes,5.8,6,Single,3,7,-5,15.100000000000001,Medium,2
67,20,Male,Undergraduate,Serbia,3.9,Youtube,No,6.5,7,Complicated,2,6,0,16.8,Medium,0
68,19,Female,High School,Slovenia,5.7,Tiktok,Yes,5.4,5,In Relationship,4,8,-5,18.4,Medium,0
69,22,Male,Graduate,Bulgaria,2.8,Linkedin,No,7.2,8,Single,1,4,0,11.6,Low,2
70,20,Female,Undergraduate,Estonia,4.5,Instagram,Yes,5.9,6,Complicated,3,7,-5,14.5,Low,2
71,18,Male,High School,Latvia,5.4,Snapchat,Yes,5.5,5,Single,4,8,-5,17.8,Medium,0
72,21,Female,Graduate,Lithuania,3.2,Facebook,No,6.8,7,In Relationship,2,5,0,13.9,Low,2
73,19,Male,Undergraduate,Ukraine,4.9,Tiktok,Yes,5.7,6,Complicated,3,7,-5,15.3,Medium,2
74,20,Female,Undergraduate,Moldova,5.8,Instagram,Yes,5.3,5,Single,4,8,-5,18.6,Medium,0
75,23,Male,Graduate,Belarus,2.5,Linkedin,No,7.3,8,In Relationship,1,4,0,11.0,Low,2
76,21,Female,Undergraduate,Kazakhstan,4.6,Snapchat,Yes,5.8,6,Single,3,7,-5,14.7,Low,2
77,19,Male,High School,Uzbekistan,5.5,Tiktok,Yes,5.4,5,Complicated,4,8,-5,18.0,Medium,0
78,22,Female,Graduate,Kyrgyzstan,2.9,Facebook,No,7.0,7,In Relationship,2,5,0,13.3,Low,2
79,20,Male,Undergraduate,Tajikistan,4.7,Youtube,Yes,5.9,6,Single,3,7,-5,14.899999999999999,Low,2
80,18,Female,High School,Armenia,5.9,Instagram,Yes,5.2,5,Complicated,4,9,-5,20.3,Medium,1
81,21,Male,Graduate,Georgia,3.0,Linkedin,No,7.1,8,In Relationship,1,4,0,12.0,Low,2
82,19,Female,Undergraduate,Azerbaijan,4.8,Tiktok,Yes,5.7,6,Single,3,7,-5,15.100000000000001,Medium,2
83,20,Male,Undergraduate,Cyprus,3.8,Facebook,No,6.6,7,Complicated,2,6,0,16.6,Medium,0
84,22,Female,Graduate,Malta,2.7,Linkedin,No,7.2,8,In Relationship,1,4,0,11.4,Low,2
85,18,Male,High School,Luxembourg,5.6,Snapchat,Yes,5.3,5,Single,4,8,-5,18.2,Medium,0
86,21,Female,Undergraduate,Monaco,4.5,Instagram,Yes,5.8,6,Complicated,3,7,-5,14.5,Low,2
87,19,Male,High School,Andorra,5.3,Tiktok,Yes,5.5,5,In Relationship,4,8,-5,17.6,Medium,0
88,23,Female,Graduate,San Marino,2.6,Linkedin,No,7.3,8,Single,1,4,0,11.2,Low,2
89,20,Male,Undergraduate,Vatican City,4.4,Youtube,Yes,6.0,6,Complicated,3,7,0,19.3,Medium,0
90,18,Female,High School,Liechtenstein,5.8,Instagram,Yes,5.2,5,Single,4,9,-5,20.1,Medium,1
91,22,Male,Graduate,Montenegro,2.9,Facebook,No,7.0,7,In Relationship,2,5,0,13.3,Low,2
92,19,Female,Undergraduate,Albania,4.7,Tiktok,Yes,5.8,6,Complicated,3,7,-5,14.899999999999999,Low,2
93,21,Male,Undergraduate,North Macedonia,3.7,Snapchat,No,6.5,7,Single,2,6,0,16.4,Medium,0
94,20,Female,High School,Kosovo,5.5,Instagram,Yes,5.4,5,In Relationship,4,8,-5,18.0,Medium,0
95,23,Male,Graduate,Bosnia,2.4,Linkedin,No,7.4,8,Complicated,1,4,0,10.8,Low,2
96,19,Female,Undergraduate,Qatar,4.9,Tiktok,Yes,5.7,6,Single,3,7,-5,15.3,Medium,2
97,18,Male,High School,Kuwait,5.7,Snapchat,Yes,5.3,5,In Relationship,4,8,-5,18.4,Medium,0
98,22,Female,Graduate,Bahrain,2.8,Linkedin,No,7.1,8,Complicated,1,4,0,11.6,Low,2
99,20,Male,Undergraduate,Oman,4.6,Instagram,Yes,5.9,6,Single,3,7,-5,14.7,Low,2
100,21,Female,Undergraduate,Jordan,5.4,Tiktok,Yes,5.5,5,In Relationship,4,8,-5,17.8,Medium,0
101,19,Male,High School,Lebanon,5.8,Youtube,Yes,5.2,5,Complicated,4,9,-5,20.1,Medium,1
102,23,Female,Graduate,Iraq,2.5,Linkedin,No,7.3,8,Single,1,4,0,11.0,Low,2
103,20,Male,Undergraduate,Yemen,4.7,Facebook,Yes,5.8,6,In Relationship,3,7,-5,14.899999999999999,Low,2
104,18,Female,High School,Syria,5.6,Instagram,Yes,5.4,5,Single,4,8,-5,18.2,Medium,0
105,22,Male,Graduate,Afghanistan,2.9,Linkedin,No,7.0,7,Complicated,2,5,0,13.3,Low,2
106,19,Female,Undergraduate,Pakistan,4.8,Tiktok,Yes,5.7,6,In Relationship,3,7,-5,15.100000000000001,Medium,2
107,21,Male,Undergraduate,Nepal,3.8,Youtube,No,6.6,7,Single,2,6,0,16.6,Medium,0
108,20,Female,High School,Bhutan,5.5,Snapchat,Yes,5.5,5,Complicated,4,8,-5,18.0,Medium,0
109,23,Male,Graduate,Sri Lanka,2.6,Linkedin,No,7.2,8,In Relationship,1,4,0,11.2,Low,2
110,19,Female,Undergraduate,Maldives,4.9,Instagram,Yes,5.8,6,Single,3,7,-5,15.3,Medium,2
111,20,Male,Undergraduate,Bangladesh,6.1,Instagram,Yes,6.2,5,Single,4,8,0,24.2,Medium,1
112,21,Female,Undergraduate,India,5.8,Tiktok,Yes,5.9,6,In Relationship,3,7,-5,17.1,Medium,0
113,19,Male,Undergraduate,Nepal,4.9,Facebook,No,7.1,7,Single,2,5,0,17.3,Medium,0
114,22,Female,Graduate,Pakistan,5.5,Instagram,Yes,6.0,5,Single,4,8,0,23.0,Medium,1
115,20,Male,Undergraduate,Sri Lanka,5.2,Tiktok,Yes,6.3,6,In Relationship,3,7,0,20.9,Medium,1
116,19,Female,Undergraduate,Maldives,4.8,Instagram,No,7.2,8,Single,2,5,0,17.1,Medium,0
117,21,Male,Graduate,Bangladesh,6.0,Facebook,Yes,5.8,5,In Relationship,4,8,-5,19.0,Medium,0
118,20,Female,Undergraduate,India,5.7,Instagram,Yes,6.1,6,Single,3,7,0,21.9,Medium,1
119,22,Male,Graduate,Nepal,4.7,Tiktok,No,7.3,7,Single,2,5,0,16.9,Medium,0
120,19,Female,Undergraduate,Pakistan,5.4,Instagram,Yes,6.2,5,In Relationship,4,8,0,22.8,Medium,1
121,20,Male,Undergraduate,Sri Lanka,5.9,Facebook,Yes,5.9,6,Single,3,7,-5,17.3,Medium,0
122,21,Female,Graduate,Maldives,4.6,Instagram,No,7.4,8,In Relationship,2,5,0,16.7,Medium,0
123,19,Male,Undergraduate,Bangladesh,5.3,Tiktok,Yes,6.3,5,Single,4,8,0,22.6,Medium,1
124,22,Female,Graduate,India,5.8,Instagram,Yes,5.8,6,In Relationship,3,7,-5,17.1,Medium,0
125,20,Male,Undergraduate,Nepal,4.5,Facebook,No,7.5,7,Single,2,5,0,16.5,Medium,0
126,21,Female,Graduate,Pakistan,5.2,Instagram,Yes,6.4,5,In Relationship,4,8,0,22.4,Medium,1
127,19,Male,Undergraduate,Sri Lanka,5.7,Tiktok,Yes,5.7,6,Single,3,7,-5,16.9,Medium,0
128,20,Female,Undergraduate,Maldives,4.4,Instagram,No,7.6,8,In Relationship,2,5,0,16.3,Medium,0
129,22,Male,Graduate,Bangladesh,5.1,Facebook,Yes,6.5,5,Single,4,8,0,22.2,Medium,1
130,21,Female,Graduate,India,5.6,Instagram,Yes,5.6,6,In Relationship,3,7,-5,16.7,Medium,0
131,19,Male,Undergraduate,Nepal,4.3,Tiktok,No,7.7,7,Single,2,5,0,16.1,Medium,0
132,20,Female,Undergraduate,Pakistan,5.0,Instagram,Yes,6.6,5,In Relationship,4,8,0,22.0,Medium,1
133,22,Male,Graduate,Sri Lanka,5.5,Facebook,Yes,5.5,6,Single,3,7,-5,16.5,Medium,0
134,21,Female,Graduate,Maldives,4.2,Instagram,No,7.8,8,In Relationship,2,5,0,15.9,Medium,2
135,19,Male,Undergraduate,Bangladesh,4.9,Tiktok,Yes,6.7,5,Single,4,8,0,21.8,Medium,1
136,20,Female,Undergraduate,India,5.4,Instagram,Yes,5.4,6,In Relationship,3,7,-5,16.3,Medium,0
137,22,Male,Graduate,Nepal,4.1,Facebook,No,7.9,7,Single,2,5,0,15.7,Medium,2
138,21,Female,Graduate,Pakistan,4.8,Instagram,Yes,6.8,5,In Relationship,4,8,0,21.6,Medium,1
139,19,Male,Undergraduate,Sri Lanka,5.3,Tiktok,Yes,5.3,6,Single,3,7,-5,16.1,Medium,0
140,20,Female,Undergraduate,Maldives,4.0,Instagram,No,8.0,8,In Relationship,2,5,0,15.5,Medium,2
141,22,Male,Graduate,Bangladesh,4.7,Facebook,Yes,6.9,5,Single,4,8,0,21.4,Medium,1
142,21,Female,Graduate,India,5.2,Instagram,Yes,5.2,6,In Relationship,3,7,-5,15.899999999999999,Medium,0
143,19,Male,Undergraduate,Nepal,3.9,Tiktok,No,8.1,7,Single,2,5,5,20.3,Medium,0
144,20,Female,Undergraduate,Pakistan,4.6,Instagram,Yes,7.0,5,In Relationship,4,8,0,21.2,Medium,1
145,22,Male,Graduate,Sri Lanka,5.1,Facebook,Yes,5.1,6,Single,3,7,-5,15.7,Medium,2
146,21,Female,Graduate,Maldives,3.8,Instagram,No,8.2,8,In Relationship,2,5,5,20.1,Medium,0
147,19,Male,Undergraduate,Bangladesh,4.5,Tiktok,Yes,7.1,5,Single,4,8,0,21.0,Medium,1
148,20,Female,Undergraduate,India,5.0,Instagram,Yes,5.0,6,In Relationship,3,7,-5,15.5,Medium,2
149,22,Male,Graduate,Nepal,3.7,Facebook,No,8.3,7,Single,2,5,5,19.9,Medium,0
150,21,Female,Graduate,Pakistan,4.4,Instagram,Yes,7.2,5,In Relationship,4,8,0,20.8,Medium,1
151,19,Male,Undergraduate,Sri Lanka,4.9,Tiktok,Yes,4.9,6,Single,3,7,-5,15.3,Medium,2
152,20,Female,Undergraduate,Maldives,3.6,Instagram,No,8.4,8,In Relationship,2,5,5,19.7,Medium,0
153,22,Male,Graduate,Bangladesh,4.3,Facebook,Yes,7.3,5,Single,4,8,0,20.6,Medium,1
154,21,Female,Graduate,India,4.8,Instagram,Yes,4.8,6,In Relationship,3,7,-5,15.100000000000001,Medium,2
155,19,Male,Undergraduate,Nepal,3.5,Tiktok,No,8.5,7,Single,2,5,5,19.5,Medium,0
156,20,Female,Undergraduate,Pakistan,4.2,Instagram,Yes,7.4,5,In Relationship,4,8,0,20.4,Medium,1
157,22,Male,Graduate,Sri Lanka,4.7,Facebook,Yes,4.7,6,Single,3,7,-5,14.899999999999999,Low,2
158,21,Female,Graduate,Maldives,3.4,Instagram,No,8.6,8,In Relationship,2,5,5,19.3,Medium,0
159,19,Male,Undergraduate,Bangladesh,4.1,Tiktok,Yes,7.5,5,Single,4,8,0,20.2,Medium,1
160,20,Female,Undergraduate,India,4.6,Instagram,Yes,4.6,6,In Relationship,3,7,-5,14.7,Low,2
161,19,Female,Undergraduate,Bangladesh,5.3,Instagram,Yes,6.1,5,Single,3,7,0,21.1,Medium,1
162,21,Male,Graduate,India,4.8,Facebook,No,7.2,7,In Relationship,2,6,0,18.6,Medium,0
163,20,Female,Undergraduate,Nepal,5.5,Tiktok,Yes,5.9,6,Single,4,8,-5,18.0,Medium,0
164,22,Male,Graduate,Pakistan,4.7,Instagram,Yes,6.3,5,In Relationship,3,7,0,19.9,Medium,0
165,19,Female,Undergraduate,Sri Lanka,5.1,Facebook,No,7.0,7,Single,2,5,0,17.7,Medium,0
166,21,Male,Graduate,Maldives,5.4,Tiktok,Yes,6.0,6,In Relationship,4,8,0,22.8,Medium,1
167,20,Female,Undergraduate,Bangladesh,4.9,Instagram,Yes,6.4,5,Single,3,7,0,20.3,Medium,1
168,22,Male,Graduate,India,5.2,Facebook,No,7.1,7,In Relationship,2,6,0,19.4,Medium,0
169,19,Female,Undergraduate,Nepal,5.6,Tiktok,Yes,5.8,6,Single,4,8,-5,18.2,Medium,0
170,21,Male,Graduate,Pakistan,4.6,Instagram,Yes,6.5,5,In Relationship,3,7,0,19.7,Medium,0
171,20,Female,Undergraduate,Sri Lanka,5.0,Facebook,No,7.3,7,Single,2,5,0,17.5,Medium,0
172,22,Male,Graduate,Maldives,5.3,Tiktok,Yes,5.7,6,In Relationship,4,8,-5,17.6,Medium,0
173,19,Female,Undergraduate,Bangladesh,4.8,Instagram,Yes,6.6,5,Single,3,7,0,20.1,Medium,1
174,21,Male,Graduate,India,5.1,Facebook,No,7.4,7,In Relationship,2,6,0,19.2,Medium,0
175,20,Female,Undergraduate,Nepal,5.7,Tiktok,Yes,5.6,6,Single,4,8,-5,18.4,Medium,0
176,22,Male,Graduate,Pakistan,4.5,Instagram,Yes,6.7,5,In Relationship,3,7,0,19.5,Medium,0
177,19,Female,Undergraduate,Sri Lanka,4.9,Facebook,No,7.5,7,Single,2,5,0,17.3,Medium,0
178,21,Male,Graduate,Maldives,5.2,Tiktok,Yes,5.5,6,In Relationship,4,8,-5,17.4,Medium,0
179,20,Female,Undergraduate,Bangladesh,4.7,Instagram,Yes,6.8,5,Single,3,7,0,19.9,Medium,0
180,22,Male,Graduate,India,5.0,Facebook,No,7.6,7,In Relationship,2,6,0,19.0,Medium,0
181,19,Female,Undergraduate,Nepal,5.8,Tiktok,Yes,5.4,6,Single,4,8,-5,18.6,Medium,0
182,21,Male,Graduate,Pakistan,4.4,Instagram,Yes,6.9,5,In Relationship,3,7,0,19.3,Medium,0
183,20,Female,Undergraduate,Sri Lanka,4.8,Facebook,No,7.7,7,Single,2,5,0,17.1,Medium,0
184,22,Male,Graduate,Maldives,5.1,Tiktok,Yes,5.3,6,In Relationship,4,8,-5,17.2,Medium,0
185,19,Female,Undergraduate,Bangladesh,4.6,Instagram,Yes,7.0,5,Single,3,7,0,19.7,Medium,0
186,21,Male,Graduate,India,4.9,Facebook,No,7.8,7,In Relationship,2,6,0,18.8,Medium,0
187,20,Female,Undergraduate,Nepal,5.9,Tiktok,Yes,5.2,6,Single,4,8,-5,18.8,Medium,0
188,22,Male,Graduate,Pakistan,4.3,Instagram,Yes,7.1,5,In Relationship,3,7,0,19.1,Medium,0
189,19,Female,Undergraduate,Sri Lanka,4.7,Facebook,No,7.9,7,Single,2,5,0,16.9,Medium,0
190,21,Male,Graduate,Maldives,5.0,Tiktok,Yes,5.1,6,In Relationship,4,8,-5,17.0,Medium,0
191,20,Female,Undergraduate,Bangladesh,4.5,Instagram,Yes,7.2,5,Single,3,7,0,19.5,Medium,0
192,22,Male,Graduate,India,4.8,Facebook,No,8.0,7,In Relationship,2,6,0,18.6,Medium,0
193,19,Female,Undergraduate,Nepal,6.0,Tiktok,Yes,5.0,6,Single,4,8,-5,19.0,Medium,0
194,21,Male,Graduate,Pakistan,4.2,Instagram,Yes,7.3,5,In Relationship,3,7,0,18.9,Medium,0
195,20,Female,Undergraduate,Sri Lanka,4.6,Facebook,No,8.1,7,Single,2,5,5,21.7,Medium,1
196,22,Male,Graduate,Maldives,4.9,Tiktok,Yes,4.9,6,In Relationship,4,8,-5,16.8,Medium,0
197,19,Female,Undergraduate,Bangladesh,4.4,Instagram,Yes,7.4,5,Single,3,7,0,19.3,Medium,0
198,21,Male,Graduate,India,4.7,Facebook,No,8.2,7,In Relationship,2,6,5,23.4,Medium,1
199,20,Female,Undergraduate,Nepal,6.1,Tiktok,Yes,4.8,6,Single,4,8,-5,19.2,Medium,0
200,22,Male,Graduate,Pakistan,4.1,Instagram,Yes,7.5,5,In Relationship,3,7,0,18.7,Medium,0
201,19,Female,Undergraduate,Sri Lanka,4.5,Facebook,No,8.3,7,Single,2,5,5,21.5,Medium,1
202,21,Male,Graduate,Maldives,4.8,Tiktok,Yes,4.7,6,In Relationship,4,8,-5,16.6,Medium,0
203,20,Female,Undergraduate,Bangladesh,4.3,Instagram,Yes,7.6,5,Single,3,7,0,19.1,Medium,0
204,22,Male,Graduate,India,4.6,Facebook,No,8.4,7,In Relationship,2,6,5,23.2,Medium,1
205,19,Female,Undergraduate,Nepal,6.2,Tiktok,Yes,4.6,6,Single,4,8,-5,19.4,Medium,0
206,21,Male,Graduate,Pakistan,4.0,Instagram,Yes,7.7,5,In Relationship,3,7,0,18.5,Medium,0
207,20,Female,Undergraduate,Sri Lanka,4.4,Facebook,No,8.5,7,Single,2,5,5,21.3,Medium,1
208,22,Male,Graduate,Maldives,4.7,Tiktok,Yes,4.5,6,In Relationship,4,8,-5,16.4,Medium,0
209,19,Female,Undergraduate,Bangladesh,4.2,Instagram,Yes,7.8,5,Single,3,7,0,18.9,Medium,0
210,21,Male,Graduate,India,4.5,Facebook,No,8.6,7,In Relationship,2,6,5,23.0,Medium,1
211,20,Female,Undergraduate,Nepal,6.3,Tiktok,Yes,4.4,6,Single,4,8,-5,19.6,Medium,0
212,22,Male,Graduate,Pakistan,3.9,Instagram,Yes,7.9,5,In Relationship,3,7,0,18.3,Medium,0
213,19,Female,Undergraduate,Sri Lanka,4.3,Facebook,No,8.7,7,Single,2,5,5,21.1,Medium,1
214,21,Male,Graduate,Maldives,4.6,Tiktok,Yes,4.3,6,In Relationship,4,8,-5,16.2,Medium,0
215,20,Female,Undergraduate,Bangladesh,4.1,Instagram,Yes,8.0,5,Single,3,7,0,18.7,Medium,0
216,22,Male,Graduate,India,4.4,Facebook,No,8.8,7,In Relationship,2,6,5,22.8,Medium,1
217,19,Female,Undergraduate,Nepal,6.4,Tiktok,Yes,4.2,6,Single,4,8,-5,19.8,Medium,0
218,21,Male,Graduate,Pakistan,3.8,Instagram,Yes,8.1,5,In Relationship,3,7,5,23.1,Medium,1
219,20,Female,Undergraduate,Sri Lanka,4.2,Facebook,No,8.9,7,Single,2,5,5,20.9,Medium,0
220,22,Male,Graduate,Maldives,4.5,Tiktok,Yes,4.1,6,In Relationship,4,8,-5,16.0,Medium,0
221,19,Female,Undergraduate,Usa,6.5,Instagram,Yes,6.0,5,Single,4,9,0,26.5,High,1
222,21,Male,Graduate,Uk,5.8,Tiktok,Yes,6.5,6,In Relationship,3,7,0,22.1,Medium,1
223,20,Female,Undergraduate,Australia,4.5,Instagram,No,7.5,8,Single,2,5,0,16.5,Medium,0
224,22,Male,Graduate,Germany,4.2,Facebook,No,7.8,7,In Relationship,2,4,0,14.4,Low,2
225,19,Female,Undergraduate,Japan,3.8,Line,No,7.9,8,Single,1,3,0,12.1,Low,2
226,21,Male,Graduate,Italy,5.5,Instagram,Yes,6.8,6,Single,3,7,0,21.5,Medium,1
227,20,Female,Undergraduate,South Korea,5.2,Kakaotalk,Yes,6.5,6,In Relationship,3,6,0,19.4,Medium,0
228,22,Male,Graduate,Russia,4.8,Vkontakte,No,7.2,7,Single,2,5,0,17.1,Medium,0
229,19,Female,Undergraduate,Usa,7.0,Tiktok,Yes,5.8,4,In Relationship,4,9,-5,22.5,Medium,1
230,21,Male,Graduate,Uk,5.5,Instagram,Yes,6.7,6,Single,3,7,0,21.5,Medium,1
231,20,Female,Undergraduate,Australia,4.7,Facebook,No,7.4,7,In Relationship,2,5,0,16.9,Medium,0
232,22,Male,Graduate,Germany,4.0,Instagram,No,7.9,8,Single,1,4,0,14.0,Low,2
233,19,Female,Undergraduate,Japan,3.5,Line,No,8.0,8,Single,1,3,0,11.5,Low,2
234,21,Male,Graduate,Italy,5.7,Tiktok,Yes,6.5,5,In Relationship,3,8,0,23.4,Medium,1
235,20,Female,Undergraduate,South Korea,5.0,Kakaotalk,Yes,6.8,6,Single,3,6,0,19.0,Medium,0
236,22,Male,Graduate,Russia,4.5,Vkontakte,No,7.4,7,In Relationship,2,5,0,16.5,Medium,0
237,19,Female,Undergraduate,Usa,6.8,Instagram,Yes,5.9,4,Single,4,9,-5,22.1,Medium,1
238,21,Male,Graduate,Uk,5.6,Facebook,Yes,6.6,6,In Relationship,3,7,0,21.7,Medium,1
239,20,Female,Undergraduate,Australia,4.6,Instagram,No,7.3,7,Single,2,5,0,16.7,Medium,0
240,22,Male,Graduate,Germany,4.1,Facebook,No,7.7,8,In Relationship,2,4,0,14.2,Low,2
241,19,Female,Undergraduate,Japan,3.7,Line,No,7.8,8,Single,1,3,0,11.9,Low,2
242,21,Male,Graduate,Italy,5.4,Instagram,Yes,6.7,5,Single,3,7,0,21.3,Medium,1
243,20,Female,Undergraduate,South Korea,5.1,Kakaotalk,Yes,6.6,6,In Relationship,3,6,0,19.2,Medium,0
244,22,Male,Graduate,Russia,4.7,Vkontakte,No,7.3,7,Single,2,5,0,16.9,Medium,0
245,19,Female,Undergraduate,Usa,6.9,Tiktok,Yes,5.7,4,In Relationship,4,9,-5,22.3,Medium,1
246,21,Male,Graduate,Uk,5.7,Instagram,Yes,6.4,6,Single,3,7,0,21.9,Medium,1
247,20,Female,Undergraduate,Australia,4.8,Facebook,No,7.2,7,In Relationship,2,5,0,17.1,Medium,0
248,22,Male,Graduate,Germany,3.9,Instagram,No,7.8,8,Single,1,4,0,13.8,Low,2
249,19,Female,Undergraduate,Japan,3.6,Line,No,8.1,8,Single,1,3,5,16.7,Medium,0
250,21,Male,Graduate,Italy,5.6,Tiktok,Yes,6.6,5,In Relationship,3,8,0,23.2,Medium,1
251,20,Female,Undergraduate,South Korea,4.9,Kakaotalk,Yes,6.9,6,Single,3,6,0,18.8,Medium,0
252,22,Male,Graduate,Russia,4.6,Vkontakte,No,7.5,7,In Relationship,2,5,0,16.7,Medium,0
253,19,Female,Undergraduate,Usa,6.7,Instagram,Yes,5.8,4,Single,4,9,-5,21.9,Medium,1
254,21,Male,Graduate,Uk,5.4,Facebook,Yes,6.5,6,In Relationship,3,7,0,21.3,Medium,1
255,20,Female,Undergraduate,Australia,4.4,Instagram,No,7.4,7,Single,2,5,0,16.3,Medium,0
256,22,Male,Graduate,Germany,4.0,Facebook,No,7.6,8,In Relationship,2,4,0,14.0,Low,2
257,19,Female,Undergraduate,Japan,3.4,Line,No,8.2,8,Single,1,3,5,16.3,Medium,0
258,21,Male,Graduate,Italy,5.3,Instagram,Yes,6.8,5,Single,3,7,0,21.1,Medium,1
259,20,Female,Undergraduate,South Korea,5.0,Kakaotalk,Yes,6.7,6,In Relationship,3,6,0,19.0,Medium,0
260,22,Male,Graduate,Russia,4.4,Vkontakte,No,7.6,7,Single,2,5,0,16.3,Medium,0
261,19,Female,Undergraduate,Usa,6.6,Tiktok,Yes,5.6,4,In Relationship,4,9,-5,21.7,Medium,1
262,21,Male,Graduate,Uk,5.3,Instagram,Yes,6.3,6,Single,3,7,0,21.1,Medium,1
263,20,Female,Undergraduate,Australia,4.3,Facebook,No,7.5,7,In Relationship,2,5,0,16.1,Medium,0
264,22,Male,Graduate,Germany,3.8,Instagram,No,7.7,8,Single,1,4,0,13.6,Low,2
265,19,Female,Undergraduate,Japan,3.3,Line,No,8.3,8,Single,1,3,5,16.1,Medium,2
266,21,Male,Graduate,Italy,5.2,Tiktok,Yes,6.9,5,In Relationship,3,8,0,22.4,Medium,1
267,20,Female,Undergraduate,South Korea,4.8,Kakaotalk,Yes,7.0,6,Single,3,6,0,18.6,Medium,0
268,22,Male,Graduate,Russia,4.3,Vkontakte,No,7.7,7,In Relationship,2,5,0,16.1,Medium,0
269,19,Female,Undergraduate,Usa,6.4,Instagram,Yes,5.7,4,Single,4,9,-5,21.3,Medium,1
270,21,Male,Graduate,Uk,5.2,Facebook,Yes,6.4,6,In Relationship,3,7,0,20.9,Medium,1
271,20,Female,Undergraduate,Australia,4.5,Instagram,No,7.3,7,Single,2,5,0,16.5,Medium,0
272,22,Male,Graduate,Germany,3.7,Facebook,No,7.8,8,In Relationship,1,4,0,13.4,Low,2
273,19,Female,Undergraduate,Japan,3.2,Line,No,8.4,8,Single,1,3,5,15.9,Medium,2
274,21,Male,Graduate,Italy,5.4,Instagram,Yes,6.7,5,Single,3,7,0,21.3,Medium,1
275,20,Female,Undergraduate,South Korea,4.7,Kakaotalk,Yes,7.1,6,In Relationship,3,6,0,18.4,Medium,0
276,22,Male,Graduate,Russia,4.2,Vkontakte,No,7.8,7,Single,2,5,0,15.9,Medium,2
277,19,Female,Undergraduate,Usa,6.6,Tiktok,Yes,5.5,4,In Relationship,4,9,-5,21.7,Medium,1
278,21,Male,Graduate,Uk,5.1,Instagram,Yes,6.5,6,Single,3,7,0,20.7,Medium,1
279,20,Female,Undergraduate,Australia,4.4,Facebook,No,7.4,7,In Relationship,2,5,0,16.3,Medium,0
280,22,Male,Graduate,Germany,3.6,Instagram,No,7.9,8,Single,1,4,0,13.2,Low,2
281,19,Female,Undergraduate,Japan,3.1,Line,No,8.5,8,Single,1,3,5,15.7,Medium,2
282,21,Male,Graduate,Italy,5.3,Tiktok,Yes,6.8,5,In Relationship,3,8,0,22.6,Medium,1
283,20,Female,Undergraduate,South Korea,4.6,Kakaotalk,Yes,7.2,6,Single,3,6,0,18.2,Medium,0
284,22,Male,Graduate,Russia,4.1,Vkontakte,No,7.9,7,In Relationship,2,5,0,15.7,Medium,2
285,19,Female,Undergraduate,Usa,6.7,Instagram,Yes,5.4,4,Single,4,9,-5,21.9,Medium,1
286,21,Male,Graduate,Uk,5.0,Facebook,Yes,6.6,6,In Relationship,3,7,0,20.5,Medium,1
287,20,Female,Undergraduate,Australia,4.3,Instagram,No,7.5,7,Single,2,5,0,16.1,Medium,0
288,22,Male,Graduate,Germany,3.5,Facebook,No,8.0,8,In Relationship,1,4,0,13.0,Low,2
289,19,Female,Undergraduate,Japan,3.0,Line,No,8.6,8,Single,1,3,5,15.5,Medium,2
290,21,Male,Graduate,Italy,5.2,Instagram,Yes,6.9,5,Single,3,7,0,20.9,Medium,1
291,20,Female,Undergraduate,South Korea,4.5,Kakaotalk,Yes,7.3,6,In Relationship,3,6,0,18.0,Medium,0
292,22,Male,Graduate,Russia,4.0,Vkontakte,No,8.0,7,Single,2,5,0,15.5,Medium,2
293,19,Female,Undergraduate,Usa,6.8,Tiktok,Yes,5.3,4,In Relationship,4,9,-5,22.1,Medium,1
294,21,Male,Graduate,Uk,4.9,Instagram,Yes,6.7,6,Single,3,7,0,20.3,Medium,0
295,20,Female,Undergraduate,Australia,4.2,Facebook,No,7.6,7,In Relationship,2,5,0,15.9,Medium,2
296,22,Male,Graduate,Germany,3.4,Instagram,No,8.1,8,Single,1,4,5,17.8,Medium,0
297,19,Female,Undergraduate,Japan,2.9,Line,No,8.7,8,Single,1,3,5,15.3,Medium,2
298,21,Male,Graduate,Italy,5.1,Tiktok,Yes,7.0,5,In Relationship,3,8,0,22.2,Medium,1
299,20,Female,Undergraduate,South Korea,4.4,Kakaotalk,Yes,7.4,6,Single,3,6,0,17.8,Medium,0
300,22,Male,Graduate,Russia,3.9,Vkontakte,No,8.1,7,In Relationship,2,5,5,20.3,Medium,0
301,19,Female,Undergraduate,Usa,6.9,Instagram,Yes,5.2,4,Single,4,9,-5,22.3,Medium,1
302,21,Male,Graduate,Uk,4.8,Facebook,Yes,6.8,6,In Relationship,3,7,0,20.1,Medium,0
303,20,Female,Undergraduate,Australia,4.1,Instagram,No,7.7,7,Single,2,5,0,15.7,Medium,2
304,22,Male,Graduate,Germany,3.3,Facebook,No,8.2,8,In Relationship,1,4,5,17.6,Medium,0
305,19,Female,Undergraduate,Japan,2.8,Line,No,8.8,8,Single,1,3,5,15.1,Medium,2
306,21,Male,Graduate,Italy,5.0,Instagram,Yes,7.1,5,Single,3,7,0,20.5,Medium,1
307,20,Female,Undergraduate,South Korea,4.3,Kakaotalk,Yes,7.5,6,In Relationship,3,6,0,17.6,Medium,0
308,22,Male,Graduate,Russia,3.8,Vkontakte,No,8.2,7,Single,2,5,5,20.1,Medium,0
309,19,Female,Undergraduate,Usa,7.0,Tiktok,Yes,5.1,4,In Relationship,4,9,-5,22.5,Medium,1
310,21,Male,Graduate,Uk,4.7,Instagram,Yes,6.9,6,Single,3,7,0,19.9,Medium,0
311,20,Female,Undergraduate,Australia,4.0,Facebook,No,7.8,7,In Relationship,2,5,0,15.5,Medium,2
312,22,Male,Graduate,Germany,3.2,Instagram,No,8.3,8,Single,1,4,5,17.4,Medium,0
313,19,Female,Undergraduate,Japan,2.7,Line,No,8.9,8,Single,1,3,5,14.9,Low,2
314,21,Male,Graduate,Italy,4.9,Tiktok,Yes,7.2,5,In Relationship,3,8,0,21.8,Medium,1
315,20,Female,Undergraduate,South Korea,4.2,Kakaotalk,Yes,7.6,6,Single,3,6,0,17.4,Medium,0
316,22,Male,Graduate,Russia,3.7,Vkontakte,No,8.3,7,In Relationship,2,5,5,19.9,Medium,0
317,19,Female,Undergraduate,Usa,7.1,Instagram,Yes,5.0,4,Single,4,9,-5,22.7,Medium,1
318,21,Male,Graduate,Uk,4.6,Facebook,Yes,7.0,6,In Relationship,3,7,0,19.7,Medium,0
319,20,Female,Undergraduate,Australia,3.9,Instagram,No,7.9,7,Single,2,5,0,15.3,Medium,2
320,22,Male,Graduate,Germany,3.1,Facebook,No,8.4,8,In Relationship,1,4,5,17.2,Medium,0
321,19,Female,Undergraduate,Spain,5.2,Instagram,Yes,6.8,6,Single,3,7,0,20.9,Medium,1
322,21,Male,Graduate,Denmark,4.1,Facebook,No,7.8,8,In Relationship,2,4,0,14.2,Low,2
323,20,Female,Undergraduate,Ireland,5.0,Instagram,Yes,7.0,7,Single,3,6,0,19.0,Medium,0
324,22,Male,Graduate,India,5.8,Whatsapp,Yes,6.5,5,In Relationship,4,8,0,23.6,Medium,1
325,19,Female,Undergraduate,Switzerland,4.0,Instagram,No,7.9,8,Single,2,4,0,14.0,Low,2
326,21,Male,Graduate,Turkey,5.5,Instagram,Yes,6.7,6,Single,3,7,0,21.5,Medium,1
327,20,Female,Undergraduate,Usa,6.8,Tiktok,Yes,5.5,5,In Relationship,4,9,-5,22.1,Medium,1
328,22,Male,Graduate,Mexico,5.6,Whatsapp,Yes,6.6,6,Single,3,7,0,21.7,Medium,1
329,19,Female,Undergraduate,France,4.5,Instagram,No,7.5,7,In Relationship,2,5,0,16.5,Medium,0
330,21,Male,Graduate,Canada,5.3,Instagram,Yes,6.9,6,Single,3,7,0,21.1,Medium,1
331,20,Female,Undergraduate,Spain,5.1,Tiktok,Yes,6.7,6,Single,3,7,0,20.7,Medium,1
332,22,Male,Graduate,Denmark,3.9,Facebook,No,7.9,8,In Relationship,2,4,0,13.8,Low,2
333,19,Female,Undergraduate,Ireland,4.8,Instagram,Yes,7.1,7,Single,3,6,0,18.6,Medium,0
334,21,Male,Graduate,India,5.9,Whatsapp,Yes,6.4,5,In Relationship,4,8,0,23.8,Medium,1
335,20,Female,Undergraduate,Switzerland,3.8,Instagram,No,8.0,8,Single,2,4,0,13.6,Low,2
336,22,Male,Graduate,Turkey,5.4,Tiktok,Yes,6.8,6,Single,3,7,0,21.3,Medium,1
337,19,Female,Undergraduate,Usa,6.9,Instagram,Yes,5.4,5,In Relationship,4,9,-5,22.3,Medium,1
338,21,Male,Graduate,Mexico,5.7,Whatsapp,Yes,6.5,6,Single,3,7,0,21.9,Medium,1
339,20,Female,Undergraduate,France,4.4,Instagram,No,7.6,7,In Relationship,2,5,0,16.3,Medium,0
340,22,Male,Graduate,Canada,5.2,Tiktok,Yes,7.0,6,Single,3,7,0,20.9,Medium,1
341,19,Female,Undergraduate,Spain,5.0,Instagram,Yes,6.9,6,Single,3,7,0,20.5,Medium,1
342,21,Male,Graduate,Denmark,3.8,Facebook,No,8.0,8,In Relationship,2,4,0,13.6,Low,2
343,20,Female,Undergraduate,Ireland,4.7,Tiktok,Yes,7.2,7,Single,3,6,0,18.4,Medium,0
344,22,Male,Graduate,India,6.0,Whatsapp,Yes,6.3,5,In Relationship,4,8,0,24.0,Medium,1
345,19,Female,Undergraduate,Switzerland,3.7,Instagram,No,8.1,8,Single,2,4,5,18.4,Medium,0
346,21,Male,Graduate,Turkey,5.3,Instagram,Yes,6.9,6,Single,3,7,0,21.1,Medium,1
347,20,Female,Undergraduate,Usa,7.0,Tiktok,Yes,5.3,5,In Relationship,4,9,-5,22.5,Medium,1
348,22,Male,Graduate,Mexico,5.8,Whatsapp,Yes,6.4,6,Single,3,7,0,22.1,Medium,1
349,19,Female,Undergraduate,France,4.3,Instagram,No,7.7,7,In Relationship,2,5,0,16.1,Medium,0
350,21,Male,Graduate,Canada,5.1,Instagram,Yes,7.1,6,Single,3,7,0,20.7,Medium,1
351,20,Female,Undergraduate,Spain,4.9,Tiktok,Yes,7.0,6,Single,3,7,0,20.3,Medium,0
352,22,Male,Graduate,Denmark,3.7,Facebook,No,8.1,8,In Relationship,2,4,5,18.4,Medium,0
353,19,Female,Undergraduate,Ireland,4.6,Instagram,Yes,7.3,7,Single,3,6,0,18.2,Medium,0
354,21,Male,Graduate,India,6.1,Whatsapp,Yes,6.2,5,In Relationship,4,8,0,24.2,Medium,1
355,20,Female,Undergraduate,Switzerland,3.6,Instagram,No,8.2,8,Single,2,4,5,18.2,Medium,0
356,22,Male,Graduate,Turkey,5.2,Tiktok,Yes,7.0,6,Single,3,7,0,20.9,Medium,1
357,19,Female,Undergraduate,Usa,7.1,Instagram,Yes,5.2,5,In Relationship,4,9,-5,22.7,Medium,1
358,21,Male,Graduate,Mexico,5.9,Whatsapp,Yes,6.3,6,Single,3,7,0,22.3,Medium,1
359,20,Female,Undergraduate,France,4.2,Instagram,No,7.8,7,In Relationship,2,5,0,15.9,Medium,2
360,22,Male,Graduate,Canada,5.0,Tiktok,Yes,7.2,6,Single,3,7,0,20.5,Medium,1
361,19,Female,Undergraduate,Spain,4.8,Instagram,Yes,7.1,6,Single,3,7,0,20.1,Medium,0
362,21,Male,Graduate,Denmark,3.6,Facebook,No,8.2,8,In Relationship,2,4,5,18.2,Medium,0
363,20,Female,Undergraduate,Ireland,4.5,Tiktok,Yes,7.4,7,Single,3,6,0,18.0,Medium,0
364,22,Male,Graduate,India,6.2,Whatsapp,Yes,6.1,5,In Relationship,4,8,0,24.4,Medium,1
365,19,Female,Undergraduate,Switzerland,3.5,Instagram,No,8.3,8,Single,2,4,5,18.0,Medium,0
366,21,Male,Graduate,Turkey,5.1,Instagram,Yes,7.1,6,Single,3,7,0,20.7,Medium,1
367,20,Female,Undergraduate,Usa,7.2,Tiktok,Yes,5.1,5,In Relationship,4,9,-5,22.9,Medium,1
368,22,Male,Graduate,Mexico,6.0,Whatsapp,Yes,6.2,6,Single,3,7,0,22.5,Medium,1
369,19,Female,Undergraduate,France,4.1,Instagram,No,7.9,7,In Relationship,2,5,0,15.7,Medium,2
370,21,Male,Graduate,Canada,4.9,Instagram,Yes,7.3,6,Single,3,7,0,20.3,Medium,0
371,20,Female,Undergraduate,Spain,4.7,Tiktok,Yes,7.2,6,Single,3,7,0,19.9,Medium,0
372,22,Male,Graduate,Denmark,3.5,Facebook,No,8.3,8,In Relationship,2,4,5,18.0,Medium,0
373,19,Female,Undergraduate,Ireland,4.4,Instagram,Yes,7.5,7,Single,3,6,0,17.8,Medium,0
374,21,Male,Graduate,India,6.3,Whatsapp,Yes,6.0,5,In Relationship,4,8,0,24.6,Medium,1
375,20,Female,Undergraduate,Switzerland,3.4,Instagram,No,8.4,8,Single,2,4,5,17.8,Medium,0
376,22,Male,Graduate,Turkey,5.0,Tiktok,Yes,7.2,6,Single,3,7,0,20.5,Medium,1
377,19,Female,Undergraduate,Usa,7.3,Instagram,Yes,5.0,5,In Relationship,4,9,-5,23.1,Medium,1
378,21,Male,Graduate,Mexico,6.1,Whatsapp,Yes,6.1,6,Single,3,7,0,22.7,Medium,1
379,20,Female,Undergraduate,France,4.0,Instagram,No,8.0,7,In Relationship,2,5,0,15.5,Medium,2
380,22,Male,Graduate,Canada,4.8,Tiktok,Yes,7.4,6,Single,3,7,0,20.1,Medium,0
381,19,Female,Undergraduate,Spain,4.6,Instagram,Yes,7.3,6,Single,3,7,0,19.7,Medium,0
382,21,Male,Graduate,Denmark,3.4,Facebook,No,8.4,8,In Relationship,2,4,5,17.8,Medium,0
383,20,Female,Undergraduate,Ireland,4.3,Tiktok,Yes,7.6,7,Single,3,6,0,17.6,Medium,0
384,22,Male,Graduate,India,6.4,Whatsapp,Yes,5.9,5,In Relationship,4,8,-5,19.8,Medium,0
385,19,Female,Undergraduate,Switzerland,3.3,Instagram,No,8.5,8,Single,2,4,5,17.6,Medium,0
386,21,Male,Graduate,Turkey,4.9,Instagram,Yes,7.3,6,Single,3,7,0,20.3,Medium,0
387,20,Female,Undergraduate,Usa,7.4,Tiktok,Yes,4.9,5,In Relationship,4,9,-5,23.3,Medium,1
388,22,Male,Graduate,Mexico,6.2,Whatsapp,Yes,6.0,6,Single,3,7,0,22.9,Medium,1
389,19,Female,Undergraduate,France,3.9,Instagram,No,8.1,7,In Relationship,2,5,5,20.3,Medium,0
390,21,Male,Graduate,Canada,4.7,Instagram,Yes,7.5,6,Single,3,7,0,19.9,Medium,0
391,20,Female,Undergraduate,Spain,4.5,Tiktok,Yes,7.4,6,Single,3,7,0,19.5,Medium,0
392,22,Male,Graduate,Denmark,3.3,Facebook,No,8.5,8,In Relationship,2,4,5,17.6,Medium,0
393,19,Female,Undergraduate,Ireland,4.2,Instagram,Yes,7.7,7,Single,3,6,0,17.4,Medium,0
394,21,Male,Graduate,India,6.5,Whatsapp,Yes,5.8,5,In Relationship,4,8,-5,20.0,Medium,1
395,20,Female,Undergraduate,Switzerland,3.2,Instagram,No,8.6,8,Single,2,4,5,17.4,Medium,0
396,22,Male,Graduate,Turkey,4.8,Tiktok,Yes,7.4,6,Single,3,7,0,20.1,Medium,0
397,19,Female,Undergraduate,Usa,7.5,Instagram,Yes,4.8,5,In Relationship,4,9,-5,23.5,Medium,1
398,21,Male,Graduate,Mexico,6.3,Whatsapp,Yes,5.9,6,Single,3,7,-5,18.1,Medium,0
399,20,Female,Undergraduate,France,3.8,Instagram,No,8.2,7,In Relationship,2,5,5,20.1,Medium,0
400,22,Male,Graduate,Canada,4.6,Tiktok,Yes,7.6,6,Single,3,7,0,19.7,Medium,0
401,19,Female,Undergraduate,Spain,4.4,Instagram,Yes,7.5,6,Single,3,7,0,19.3,Medium,0
402,21,Male,Graduate,Denmark,3.2,Facebook,No,8.6,8,In Relationship,2,4,5,17.4,Medium,0
403,20,Female,Undergraduate,Ireland,4.1,Tiktok,Yes,7.8,7,Single,3,6,0,17.2,Medium,0
404,22,Male,Graduate,India,6.6,Whatsapp,Yes,5.7,5,In Relationship,4,8,-5,20.2,Medium,1
405,19,Female,Undergraduate,Switzerland,3.1,Instagram,No,8.7,8,Single,2,4,5,17.2,Medium,0
406,21,Male,Graduate,Turkey,4.7,Instagram,Yes,7.5,6,Single,3,7,0,19.9,Medium,0
407,20,Female,Undergraduate,Usa,7.6,Tiktok,Yes,4.7,5,In Relationship,4,9,-5,23.7,Medium,1
408,22,Male,Graduate,Mexico,6.4,Whatsapp,Yes,5.8,6,Single,3,7,-5,18.3,Medium,0
409,19,Female,Undergraduate,France,3.7,Instagram,No,8.3,7,In Relationship,2,5,5,19.9,Medium,0
410,21,Male,Graduate,Canada,4.5,Instagram,Yes,7.7,6,Single,3,7,0,19.5,Medium,0
411,20,Female,Undergraduate,Spain,4.3,Tiktok,Yes,7.6,6,Single,3,7,0,19.1,Medium,0
412,22,Male,Graduate,Denmark,3.1,Facebook,No,8.7,8,In Relationship,2,4,5,17.2,Medium,0
413,19,Female,Undergraduate,Ireland,4.0,Instagram,Yes,7.9,7,Single,3,6,0,17.0,Medium,0
414,21,Male,Graduate,India,6.7,Whatsapp,Yes,5.6,5,In Relationship,4,8,-5,20.4,Medium,1
415,20,Female,Undergraduate,Switzerland,3.0,Instagram,No,8.8,8,Single,2,4,5,17.0,Medium,0
416,22,Male,Graduate,Turkey,4.6,Tiktok,Yes,7.6,6,Single,3,7,0,19.7,Medium,0
417,19,Female,Undergraduate,Usa,7.7,Instagram,Yes,4.6,5,In Relationship,4,9,-5,23.9,Medium,1
418,21,Male,Graduate,Mexico,6.5,Whatsapp,Yes,5.7,6,Single,3,7,-5,18.5,Medium,0
419,20,Female,Undergraduate,France,3.6,Instagram,No,8.4,7,In Relationship,2,5,5,19.7,Medium,0
420,22,Male,Graduate,Canada,4.4,Tiktok,Yes,7.8,6,Single,3,7,0,19.3,Medium,0
421,19,Female,Undergraduate,Spain,4.2,Instagram,Yes,7.7,6,Single,3,7,0,18.9,Medium,0
422,21,Male,Graduate,Denmark,3.0,Facebook,No,8.8,8,In Relationship,2,4,5,17.0,Medium,0
423,20,Female,Undergraduate,Ireland,3.9,Tiktok,Yes,8.0,7,Single,3,6,0,16.8,Medium,0
424,22,Male,Graduate,India,6.8,Whatsapp,Yes,5.5,5,In Relationship,4,8,-5,20.6,Medium,1
425,19,Female,Undergraduate,Switzerland,2.9,Instagram,No,8.9,8,Single,2,4,5,16.8,Medium,0
426,21,Male,Graduate,Turkey,4.5,Instagram,Yes,7.7,6,Single,3,7,0,19.5,Medium,0
427,20,Female,Undergraduate,Usa,7.8,Tiktok,Yes,4.5,5,In Relationship,4,9,-5,24.1,Medium,1
428,22,Male,Graduate,Mexico,6.6,Whatsapp,Yes,5.6,6,Single,3,7,-5,18.7,Medium,0
429,19,Female,Undergraduate,France,3.5,Instagram,No,8.5,7,In Relationship,2,5,5,19.5,Medium,0
430,21,Male,Graduate,Canada,4.3,Instagram,Yes,7.9,6,Single,3,7,0,19.1,Medium,0
431,20,Female,Undergraduate,Spain,4.1,Tiktok,Yes,7.8,6,Single,3,7,0,18.7,Medium,0
432,22,Male,Graduate,Denmark,2.9,Facebook,No,8.9,8,In Relationship,2,4,5,16.8,Medium,0
433,19,Female,Undergraduate,Ireland,3.8,Instagram,Yes,8.1,7,Single,3,6,5,21.6,Medium,1
434,21,Male,Graduate,India,6.9,Whatsapp,Yes,5.4,5,In Relationship,4,8,-5,20.8,Medium,1
435,20,Female,Undergraduate,Switzerland,2.8,Instagram,No,9.0,8,Single,2,4,5,16.6,Medium,0
436,22,Male,Graduate,Turkey,4.4,Tiktok,Yes,7.8,6,Single,3,7,0,19.3,Medium,0
437,19,Female,Undergraduate,Usa,7.9,Instagram,Yes,4.4,5,In Relationship,4,9,-5,24.3,Medium,1
438,21,Male,Graduate,Mexico,6.7,Whatsapp,Yes,5.5,6,Single,3,7,-5,18.9,Medium,0
439,20,Female,Undergraduate,France,3.4,Instagram,No,8.6,7,In Relationship,2,5,5,19.3,Medium,0
440,22,Male,Graduate,Canada,4.2,Tiktok,Yes,8.0,6,Single,3,7,0,18.9,Medium,0
441,19,Female,Undergraduate,Spain,4.0,Instagram,Yes,7.9,6,Single,3,7,0,18.5,Medium,0
442,21,Male,Graduate,Denmark,2.8,Facebook,No,9.0,8,In Relationship,2,4,5,16.6,Medium,0
443,20,Female,Undergraduate,Ireland,3.7,Tiktok,Yes,8.2,7,Single,3,6,5,21.4,Medium,1
444,22,Male,Graduate,India,7.0,Whatsapp,Yes,5.3,5,In Relationship,4,8,-5,21.0,Medium,1
445,19,Female,Undergraduate,Switzerland,2.7,Instagram,No,9.1,8,Single,2,4,5,16.4,Medium,0
446,21,Male,Graduate,Turkey,4.3,Instagram,Yes,7.9,6,Single,3,7,0,19.1,Medium,0
447,20,Female,Undergraduate,Usa,8.0,Tiktok,Yes,4.3,5,In Relationship,4,9,-5,24.5,Medium,1
448,22,Male,Graduate,Mexico,6.8,Whatsapp,Yes,5.4,6,Single,3,7,-5,19.1,Medium,0
449,19,Female,Undergraduate,France,3.3,Instagram,No,8.7,7,In Relationship,2,5,5,19.1,Medium,0
450,21,Male,Graduate,Canada,4.1,Instagram,Yes,8.1,6,Single,3,7,5,23.7,Medium,1
451,20,Female,Undergraduate,Spain,3.9,Tiktok,Yes,8.0,6,Single,3,7,0,18.3,Medium,0
452,22,Male,Graduate,Denmark,2.7,Facebook,No,9.1,8,In Relationship,2,4,5,16.4,Medium,0
453,19,Female,Undergraduate,Ireland,3.6,Instagram,Yes,8.3,7,Single,3,6,5,21.2,Medium,1
454,21,Male,Graduate,India,7.1,Whatsapp,Yes,5.2,5,In Relationship,4,8,-5,21.2,Medium,1
455,20,Female,Undergraduate,Switzerland,2.6,Instagram,No,9.2,8,Single,2,4,5,16.2,Medium,2
456,22,Male,Graduate,Turkey,4.2,Tiktok,Yes,8.0,6,Single,3,7,0,18.9,Medium,0
457,19,Female,Undergraduate,Usa,8.1,Instagram,Yes,4.2,5,In Relationship,4,9,-5,24.7,Medium,1
458,21,Male,Graduate,Mexico,6.9,Whatsapp,Yes,5.3,6,Single,3,7,-5,19.3,Medium,0
459,20,Female,Undergraduate,France,3.2,Instagram,No,8.8,7,In Relationship,2,5,5,18.9,Medium,0
460,22,Male,Graduate,Canada,4.0,Tiktok,Yes,8.2,6,Single,3,7,5,23.5,Medium,1
461,19,Female,Undergraduate,Spain,3.8,Instagram,Yes,8.1,6,Single,3,7,5,23.1,Medium,1
462,21,Male,Graduate,Denmark,2.6,Facebook,No,9.2,8,In Relationship,2,4,5,16.2,Medium,2
463,20,Female,Undergraduate,Ireland,3.5,Tiktok,Yes,8.4,7,Single,3,6,5,21.0,Medium,1
464,22,Male,Graduate,India,7.2,Whatsapp,Yes,5.1,5,In Relationship,4,8,-5,21.4,Medium,1
465,19,Female,Undergraduate,Switzerland,2.5,Instagram,No,9.3,8,Single,2,4,5,16.0,Medium,2
466,21,Male,Graduate,Turkey,4.1,Instagram,Yes,8.1,6,Single,3,7,5,23.7,Medium,1
467,20,Female,Undergraduate,Usa,8.2,Tiktok,Yes,4.1,5,In Relationship,4,9,-5,24.9,Medium,1
468,22,Male,Graduate,Mexico,7.0,Whatsapp,Yes,5.2,6,Single,3,7,-5,19.5,Medium,0
469,19,Female,Undergraduate,France,3.1,Instagram,No,8.9,7,In Relationship,2,5,5,18.7,Medium,0
470,21,Male,Graduate,Canada,3.9,Instagram,Yes,8.3,6,Single,3,7,5,23.3,Medium,1
471,20,Female,Undergraduate,Spain,3.7,Tiktok,Yes,8.2,6,Single,3,7,5,22.9,Medium,1
472,22,Male,Graduate,Denmark,2.5,Facebook,No,9.3,8,In Relationship,2,4,5,16.0,Medium,2
473,19,Female,Undergraduate,Ireland,3.4,Instagram,Yes,8.5,7,Single,3,6,5,20.8,Medium,0
474,21,Male,Graduate,India,7.3,Whatsapp,Yes,5.0,5,In Relationship,4,8,-5,21.6,Medium,1
475,20,Female,Undergraduate,Switzerland,2.4,Instagram,No,9.4,8,Single,2,4,5,15.8,Medium,2
476,22,Male,Graduate,Turkey,4.0,Tiktok,Yes,8.2,6,Single,3,7,5,23.5,Medium,1
477,19,Female,Undergraduate,Usa,8.3,Instagram,Yes,4.0,5,In Relationship,4,9,-5,25.1,High,1
478,21,Male,Graduate,Mexico,7.1,Whatsapp,Yes,5.1,6,Single,3,7,-5,19.7,Medium,0
479,20,Female,Undergraduate,France,3.0,Instagram,No,9.0,7,In Relationship,2,5,5,18.5,Medium,0
480,22,Male,Graduate,Canada,3.8,Tiktok,Yes,8.4,6,Single,3,7,5,23.1,Medium,1
481,19,Female,Undergraduate,Spain,3.6,Instagram,Yes,8.3,6,Single,3,7,5,22.7,Medium,1
482,21,Male,Graduate,Denmark,2.4,Facebook,No,9.4,8,In Relationship,2,4,5,15.8,Medium,2
483,20,Female,Undergraduate,Ireland,3.3,Tiktok,Yes,8.6,7,Single,3,6,5,20.6,Medium,0
484,22,Male,Graduate,India,7.4,Whatsapp,Yes,4.9,5,In Relationship,4,8,-5,21.8,Medium,1
485,19,Female,Undergraduate,Switzerland,2.3,Instagram,No,9.5,8,Single,2,4,5,15.6,Medium,2
486,21,Male,Graduate,Turkey,3.9,Instagram,Yes,8.3,6,Single,3,7,5,23.3,Medium,1
487,20,Female,Undergraduate,Usa,8.4,Tiktok,Yes,3.9,5,In Relationship,4,9,-5,25.3,High,1
488,22,Male,Graduate,Mexico,7.2,Whatsapp,Yes,5.0,6,Single,3,7,-5,19.9,Medium,0
489,19,Female,Undergraduate,France,2.9,Instagram,No,9.1,7,In Relationship,2,5,5,18.3,Medium,0
490,21,Male,Graduate,Canada,3.7,Instagram,Yes,8.5,6,Single,3,7,5,22.9,Medium,1
491,20,Female,Undergraduate,Spain,3.5,Tiktok,Yes,8.4,6,Single,3,7,5,22.5,Medium,1
492,22,Male,Graduate,Denmark,2.3,Facebook,No,9.5,8,In Relationship,2,4,5,15.6,Medium,2
493,19,Female,Undergraduate,Ireland,3.2,Instagram,Yes,8.7,7,Single,3,6,5,20.4,Medium,0
494,21,Male,Graduate,India,7.5,Whatsapp,Yes,4.8,5,In Relationship,4,8,-5,22.0,Medium,1
495,20,Female,Undergraduate,Switzerland,2.2,Instagram,No,9.6,8,Single,2,4,5,15.4,Medium,2
496,22,Male,Graduate,Turkey,3.8,Tiktok,Yes,8.4,6,Single,3,7,5,23.1,Medium,1
497,19,Female,Undergraduate,Usa,8.5,Instagram,Yes,3.8,5,In Relationship,4,9,-5,25.5,High,1
498,21,Male,Graduate,Mexico,7.3,Whatsapp,Yes,4.9,6,Single,3,7,-5,20.1,Medium,1
499,20,Female,Undergraduate,France,2.8,Instagram,No,9.2,7,In Relationship,2,5,5,18.1,Medium,0
500,22,Male,Graduate,Canada,3.6,Tiktok,Yes,8.6,6,Single,3,7,5,22.7,Medium,1
501,19,Female,Undergraduate,Brazil,6.2,Whatsapp,Yes,6.3,6,Single,3,7,0,22.9,Medium,1
502,21,Male,Graduate,China,4.5,Wechat,No,7.8,7,In Relationship,2,5,0,16.5,Medium,0
503,20,Female,Undergraduate,Netherlands,3.8,Instagram,No,8.2,8,Single,2,4,5,18.6,Medium,0
504,22,Male,Graduate,New Zealand,4.7,Instagram,Yes,7.5,7,In Relationship,3,6,0,18.4,Medium,0
505,19,Female,Undergraduate,Singapore,5.1,Tiktok,Yes,7.0,6,Single,3,7,0,20.7,Medium,1
506,21,Male,Graduate,Malaysia,5.5,Whatsapp,Yes,6.8,6,Single,3,7,0,21.5,Medium,1
507,20,Female,Undergraduate,Uae,6.5,Instagram,Yes,6.5,5,In Relationship,4,8,0,25.0,Medium,1
508,22,Male,Graduate,Poland,4.2,Facebook,No,7.9,7,Single,2,5,0,15.9,Medium,2
509,19,Female,Undergraduate,India,6.8,Whatsapp,Yes,6.0,5,In Relationship,4,8,0,25.6,High,1
510,21,Male,Graduate,Canada,4.8,Instagram,Yes,7.4,7,Single,3,6,0,18.6,Medium,0
511,20,Female,Undergraduate,Brazil,6.1,Instagram,Yes,6.4,6,Single,3,7,0,22.7,Medium,1
512,22,Male,Graduate,China,4.4,Wechat,No,7.9,7,In Relationship,2,5,0,16.3,Medium,0
513,19,Female,Undergraduate,Netherlands,3.7,Tiktok,No,8.3,8,Single,2,4,5,18.4,Medium,0
514,21,Male,Graduate,New Zealand,4.6,Instagram,Yes,7.6,7,In Relationship,3,6,0,18.2,Medium,0
515,20,Female,Undergraduate,Singapore,5.2,Tiktok,Yes,6.9,6,Single,3,7,0,20.9,Medium,1
516,22,Male,Graduate,Malaysia,5.6,Whatsapp,Yes,6.7,6,Single,3,7,0,21.7,Medium,1
517,19,Female,Undergraduate,Uae,6.6,Instagram,Yes,6.4,5,In Relationship,4,8,0,25.2,High,1
518,21,Male,Graduate,Poland,4.1,Facebook,No,8.0,7,Single,2,5,0,15.7,Medium,2
519,20,Female,Undergraduate,India,6.9,Whatsapp,Yes,5.9,5,In Relationship,4,8,-5,20.8,Medium,1
520,22,Male,Graduate,Canada,4.7,Tiktok,Yes,7.5,7,Single,3,6,0,18.4,Medium,0
521,19,Female,Undergraduate,Brazil,6.0,Whatsapp,Yes,6.5,6,Single,3,7,0,22.5,Medium,1
522,21,Male,Graduate,China,4.3,Wechat,No,8.0,7,In Relationship,2,5,0,16.1,Medium,0
523,20,Female,Undergraduate,Netherlands,3.6,Instagram,No,8.4,8,Single,2,4,5,18.2,Medium,0
524,22,Male,Graduate,New Zealand,4.5,Facebook,Yes,7.7,7,In Relationship,3,6,0,18.0,Medium,0
525,19,Female,Undergraduate,Singapore,5.3,Tiktok,Yes,6.8,6,Single,3,7,0,21.1,Medium,1
526,21,Male,Graduate,Malaysia,5.7,Whatsapp,Yes,6.6,6,Single,3,7,0,21.9,Medium,1
527,20,Female,Undergraduate,Uae,6.7,Instagram,Yes,6.3,5,In Relationship,4,8,0,25.4,High,1
528,22,Male,Graduate,Poland,4.0,Facebook,No,8.1,7,Single,2,5,5,20.5,Medium,0
529,19,Female,Undergraduate,India,7.0,Whatsapp,Yes,5.8,5,In Relationship,4,8,-5,21.0,Medium,1
530,21,Male,Graduate,Canada,4.6,Instagram,Yes,7.6,7,Single,3,6,0,18.2,Medium,0
531,20,Female,Undergraduate,Brazil,5.9,Tiktok,Yes,6.6,6,Single,3,7,0,22.3,Medium,1
532,22,Male,Graduate,China,4.2,Wechat,No,8.1,7,In Relationship,2,5,5,20.9,Medium,1
533,19,Female,Undergraduate,Netherlands,3.5,Instagram,No,8.5,8,Single,2,4,5,18.0,Medium,0
534,21,Male,Graduate,New Zealand,4.4,Facebook,Yes,7.8,7,In Relationship,3,6,0,17.8,Medium,0
535,20,Female,Undergraduate,Singapore,5.4,Tiktok,Yes,6.7,6,Single,3,7,0,21.3,Medium,1
536,22,Male,Graduate,Malaysia,5.8,Whatsapp,Yes,6.5,6,Single,3,7,0,22.1,Medium,1
537,19,Female,Undergraduate,Uae,6.8,Instagram,Yes,6.2,5,In Relationship,4,8,0,25.6,High,1
538,21,Male,Graduate,Poland,3.9,Facebook,No,8.2,7,Single,2,5,5,20.3,Medium,0
539,20,Female,Undergraduate,India,7.1,Whatsapp,Yes,5.7,5,In Relationship,4,8,-5,21.2,Medium,1
540,22,Male,Graduate,Canada,4.5,Tiktok,Yes,7.7,7,Single,3,6,0,18.0,Medium,0
541,19,Female,Undergraduate,Brazil,5.8,Whatsapp,Yes,6.7,6,Single,3,7,0,22.1,Medium,1
542,21,Male,Graduate,China,4.1,Wechat,No,8.2,7,In Relationship,2,5,5,20.7,Medium,0
543,20,Female,Undergraduate,Netherlands,3.4,Instagram,No,8.6,8,Single,2,4,5,17.8,Medium,0
544,22,Male,Graduate,New Zealand,4.3,Instagram,Yes,7.9,7,In Relationship,3,6,0,17.6,Medium,0
545,19,Female,Undergraduate,Singapore,5.5,Tiktok,Yes,6.6,6,Single,3,7,0,21.5,Medium,1
546,21,Male,Graduate,Malaysia,5.9,Whatsapp,Yes,6.4,6,Single,3,7,0,22.3,Medium,1
547,20,Female,Undergraduate,Uae,6.9,Instagram,Yes,6.1,5,In Relationship,4,8,0,25.8,High,1
548,22,Male,Graduate,Poland,3.8,Facebook,No,8.3,7,Single,2,5,5,20.1,Medium,0
549,19,Female,Undergraduate,India,7.2,Whatsapp,Yes,5.6,5,In Relationship,4,8,-5,21.4,Medium,1
550,21,Male,Graduate,Canada,4.4,Instagram,Yes,7.8,7,Single,3,6,0,17.8,Medium,0
551,20,Female,Undergraduate,Brazil,5.7,Tiktok,Yes,6.8,6,Single,3,7,0,21.9,Medium,1
552,22,Male,Graduate,China,4.0,Wechat,No,8.3,7,In Relationship,2,5,5,20.5,Medium,0
553,19,Female,Undergraduate,Netherlands,3.3,Instagram,No,8.7,8,Single,2,4,5,17.6,Medium,0
554,21,Male,Graduate,New Zealand,4.2,Facebook,Yes,8.0,7,In Relationship,3,6,0,17.4,Medium,0
555,20,Female,Undergraduate,Singapore,5.6,Tiktok,Yes,6.5,6,Single,3,7,0,21.7,Medium,1
556,22,Male,Graduate,Malaysia,6.0,Whatsapp,Yes,6.3,6,Single,3,7,0,22.5,Medium,1
557,19,Female,Undergraduate,Uae,7.0,Instagram,Yes,6.0,5,In Relationship,4,8,0,26.0,High,1
558,21,Male,Graduate,Poland,3.7,Facebook,No,8.4,7,Single,2,5,5,19.9,Medium,0
559,20,Female,Undergraduate,India,7.3,Whatsapp,Yes,5.5,5,In Relationship,4,8,-5,21.6,Medium,1
560,22,Male,Graduate,Canada,4.3,Tiktok,Yes,7.9,7,Single,3,6,0,17.6,Medium,0
561,19,Female,Undergraduate,Brazil,5.6,Whatsapp,Yes,6.9,6,Single,3,7,0,21.7,Medium,1
562,21,Male,Graduate,China,3.9,Wechat,No,8.4,7,In Relationship,2,5,5,20.3,Medium,0
563,20,Female,Undergraduate,Netherlands,3.2,Instagram,No,8.8,8,Single,2,4,5,17.4,Medium,0
564,22,Male,Graduate,New Zealand,4.1,Instagram,Yes,8.1,7,In Relationship,3,6,5,22.2,Medium,1
565,19,Female,Undergraduate,Singapore,5.7,Tiktok,Yes,6.4,6,Single,3,7,0,21.9,Medium,1
566,21,Male,Graduate,Malaysia,6.1,Whatsapp,Yes,6.2,6,Single,3,7,0,22.7,Medium,1
567,20,Female,Undergraduate,Uae,7.1,Instagram,Yes,5.9,5,In Relationship,4,8,-5,21.2,Medium,1
568,22,Male,Graduate,Poland,3.6,Facebook,No,8.5,7,Single,2,5,5,19.7,Medium,0
569,19,Female,Undergraduate,India,7.4,Whatsapp,Yes,5.4,5,In Relationship,4,8,-5,21.8,Medium,1
570,21,Male,Graduate,Canada,4.2,Instagram,Yes,8.0,7,Single,3,6,0,17.4,Medium,0
571,20,Female,Undergraduate,Spain,6.1,Instagram,Yes,7.2,5,Single,4,7,0,22.7,Medium,1
572,23,Male,Graduate,Denmark,3.8,Twitter,No,7.8,8,In Relationship,2,4,0,13.6,Low,2
573,19,Female,Undergraduate,Ireland,5.5,Tiktok,Yes,6.8,6,Single,4,8,0,23.0,Medium,1
574,22,Male,Graduate,India,7.2,Facebook,Yes,5.9,4,Single,5,9,-5,22.9,Medium,1
575,21,Female,Undergraduate,Switzerland,4.2,Instagram,No,7.5,7,In Relationship,2,5,0,15.9,Medium,2
576,24,Male,Graduate,Turkey,6.8,Tiktok,Yes,6.2,5,Single,4,8,0,25.6,High,1
577,20,Female,Undergraduate,Usa,5.9,Instagram,Yes,6.7,6,In Relationship,3,7,0,22.3,Medium,1
578,22,Male,Graduate,Mexico,6.5,Facebook,Yes,6.1,5,Single,4,8,0,25.0,Medium,1
579,19,Female,Undergraduate,France,4.7,Twitter,No,7.4,7,Single,2,5,0,16.9,Medium,0
580,23,Male,Graduate,Canada,5.2,Instagram,Yes,7.0,6,In Relationship,3,6,0,19.4,Medium,0
581,21,Female,Undergraduate,Uk,6.3,Tiktok,Yes,6.4,5,Single,4,8,0,24.6,Medium,1
582,24,Male,Graduate,Italy,4.9,Facebook,No,7.3,7,In Relationship,2,5,0,17.3,Medium,0
583,20,Female,Undergraduate,Russia,6.7,Instagram,Yes,6.0,5,Single,4,8,0,25.4,High,1
584,22,Male,Graduate,China,5.8,Wechat,Yes,6.5,6,In Relationship,3,7,0,22.1,Medium,1
585,19,Female,Undergraduate,Japan,4.5,Twitter,No,7.6,8,Single,2,4,0,15.0,Low,2
586,23,Male,Graduate,Poland,6.4,Facebook,Yes,6.3,5,Single,4,8,0,24.8,Medium,1
587,21,Female,Undergraduate,Finland,4.1,Instagram,No,7.7,7,In Relationship,2,5,0,15.7,Medium,2
588,24,Male,Graduate,Spain,6.6,Tiktok,Yes,6.2,5,Single,4,8,0,25.2,High,1
589,20,Female,Undergraduate,Denmark,4.4,Instagram,No,7.4,7,In Relationship,2,5,0,16.3,Medium,0
590,22,Male,Graduate,Ireland,5.7,Twitter,Yes,6.8,6,Single,3,7,0,21.9,Medium,1
591,19,Female,Undergraduate,India,7.0,Instagram,Yes,5.8,4,Single,5,9,-5,22.5,Medium,1
592,23,Male,Graduate,Switzerland,4.3,Facebook,No,7.5,7,In Relationship,2,5,0,16.1,Medium,0
593,21,Female,Undergraduate,Turkey,6.9,Tiktok,Yes,6.1,5,Single,4,8,0,25.8,High,1
594,24,Male,Graduate,Usa,5.6,Instagram,Yes,6.9,6,In Relationship,3,7,0,21.7,Medium,1
595,20,Female,Undergraduate,Mexico,6.2,Facebook,Yes,6.3,5,Single,4,8,0,24.4,Medium,1
596,21,Male,Undergraduate,France,5.8,Instagram,Yes,6.7,6,Single,3,7,0,22.1,Medium,1
597,23,Female,Graduate,Canada,4.9,Tiktok,No,7.3,7,In Relationship,2,5,0,17.3,Medium,0
598,20,Male,Undergraduate,Uk,6.4,Facebook,Yes,6.2,5,Single,4,8,0,24.8,Medium,1
599,22,Female,Graduate,Italy,5.1,Twitter,No,7.1,7,In Relationship,2,5,0,17.7,Medium,0
600,19,Male,Undergraduate,Russia,6.7,Instagram,Yes,6.0,4,Single,4,8,0,25.4,High,1
601,24,Female,Graduate,China,5.5,Wechat,Yes,6.8,6,In Relationship,3,7,0,21.5,Medium,1
602,21,Male,Undergraduate,Japan,4.3,Twitter,No,7.6,8,Single,2,4,0,14.6,Low,2
603,23,Female,Graduate,Poland,6.2,Instagram,Yes,6.4,5,Single,4,8,0,24.4,Medium,1
604,20,Male,Undergraduate,Finland,4.5,Facebook,No,7.4,7,In Relationship,2,5,0,16.5,Medium,0
605,22,Female,Graduate,Spain,6.3,Tiktok,Yes,6.3,5,Single,4,8,0,24.6,Medium,1
606,19,Male,Undergraduate,Denmark,4.7,Instagram,No,7.2,7,In Relationship,2,5,0,16.9,Medium,0
607,24,Female,Graduate,Ireland,5.9,Twitter,Yes,6.6,6,Single,3,7,0,22.3,Medium,1
608,21,Male,Undergraduate,India,7.1,Facebook,Yes,5.7,4,Single,5,9,-5,22.7,Medium,1
609,23,Female,Graduate,Switzerland,4.4,Instagram,No,7.4,7,In Relationship,2,5,0,16.3,Medium,0
610,20,Male,Undergraduate,Turkey,6.6,Tiktok,Yes,6.2,5,Single,4,8,0,25.2,High,1
611,22,Female,Graduate,Usa,5.4,Instagram,Yes,6.9,6,In Relationship,3,7,0,21.3,Medium,1
612,19,Male,Undergraduate,Mexico,6.5,Facebook,Yes,6.1,5,Single,4,8,0,25.0,Medium,1
613,24,Female,Graduate,France,4.8,Twitter,No,7.3,7,In Relationship,2,5,0,17.1,Medium,0
614,21,Male,Undergraduate,Canada,5.7,Instagram,Yes,6.7,6,Single,3,7,0,21.9,Medium,1
615,23,Female,Graduate,Uk,6.1,Tiktok,Yes,6.4,5,Single,4,8,0,24.2,Medium,1
616,20,Male,Undergraduate,Italy,4.6,Facebook,No,7.2,7,In Relationship,2,5,0,16.7,Medium,0
617,22,Female,Graduate,Russia,6.8,Instagram,Yes,5.9,4,Single,5,9,-5,22.1,Medium,1
618,19,Male,Undergraduate,China,5.6,Wechat,Yes,6.8,6,In Relationship,3,7,0,21.7,Medium,1
619,24,Female,Graduate,Japan,4.2,Twitter,No,7.5,8,Single,2,4,0,14.4,Low,2
620,21,Male,Undergraduate,Poland,6.3,Tiktok,Yes,6.3,5,Single,4,8,0,24.6,Medium,1
621,23,Female,Graduate,Finland,4.4,Instagram,No,7.4,7,In Relationship,2,5,0,16.3,Medium,0
622,20,Male,Undergraduate,Spain,6.5,Facebook,Yes,6.2,5,Single,4,8,0,25.0,Medium,1
623,22,Female,Graduate,Denmark,4.6,Twitter,No,7.3,7,In Relationship,2,5,0,16.7,Medium,0
624,19,Male,Undergraduate,Ireland,5.8,Instagram,Yes,6.6,6,Single,3,7,0,22.1,Medium,1
625,24,Female,Graduate,India,7.0,Tiktok,Yes,5.8,4,Single,5,9,-5,22.5,Medium,1
626,21,Male,Undergraduate,Switzerland,4.5,Facebook,No,7.3,7,In Relationship,2,5,0,16.5,Medium,0
627,23,Female,Graduate,Turkey,6.7,Instagram,Yes,6.1,5,Single,4,8,0,25.4,High,1
628,20,Male,Undergraduate,Usa,5.5,Twitter,Yes,6.8,6,In Relationship,3,7,0,21.5,Medium,1
629,22,Female,Graduate,Mexico,6.4,Facebook,Yes,6.2,5,Single,4,8,0,24.8,Medium,1
630,19,Male,Undergraduate,France,4.7,Instagram,No,7.2,7,In Relationship,2,5,0,16.9,Medium,0
631,24,Female,Graduate,Canada,5.6,Tiktok,Yes,6.7,6,Single,3,7,0,21.7,Medium,1
632,21,Male,Undergraduate,Uk,6.2,Facebook,Yes,6.3,5,Single,4,8,0,24.4,Medium,1
633,23,Female,Graduate,Italy,4.8,Twitter,No,7.1,7,In Relationship,2,5,0,17.1,Medium,0
634,20,Male,Undergraduate,Russia,6.9,Instagram,Yes,5.9,4,Single,5,9,-5,22.3,Medium,1
635,22,Female,Graduate,China,5.7,Wechat,Yes,6.7,6,In Relationship,3,7,0,21.9,Medium,1
636,19,Male,Undergraduate,Japan,4.4,Twitter,No,7.4,8,Single,2,4,0,14.8,Low,2
637,24,Female,Graduate,Poland,6.1,Tiktok,Yes,6.4,5,Single,4,8,0,24.2,Medium,1
638,21,Male,Undergraduate,Finland,4.3,Instagram,No,7.5,7,In Relationship,2,5,0,16.1,Medium,0
639,23,Female,Graduate,Spain,6.4,Facebook,Yes,6.2,5,Single,4,8,0,24.8,Medium,1
640,20,Male,Undergraduate,Denmark,4.5,Twitter,No,7.3,7,In Relationship,2,5,0,16.5,Medium,0
641,22,Female,Graduate,Ireland,5.9,Instagram,Yes,6.5,6,Single,3,7,0,22.3,Medium,1
642,19,Male,Undergraduate,India,7.2,Tiktok,Yes,5.7,4,Single,5,9,-5,22.9,Medium,1
643,24,Female,Graduate,Switzerland,4.6,Facebook,No,7.2,7,In Relationship,2,5,0,16.7,Medium,0
644,21,Male,Undergraduate,Turkey,6.8,Instagram,Yes,6.0,5,Single,4,8,0,25.6,High,1
645,23,Female,Graduate,Usa,5.3,Twitter,Yes,6.8,6,In Relationship,3,7,0,21.1,Medium,1
646,22,Male,Graduate,Mexico,6.3,Facebook,Yes,6.2,5,Single,4,8,0,24.6,Medium,1
647,20,Female,Undergraduate,France,4.8,Instagram,No,7.1,7,In Relationship,2,5,0,17.1,Medium,0
648,23,Male,Graduate,Canada,5.7,Tiktok,Yes,6.6,6,Single,3,7,0,21.9,Medium,1
649,21,Female,Undergraduate,Uk,6.2,Twitter,Yes,6.3,5,Single,4,8,0,24.4,Medium,1
650,24,Male,Graduate,Italy,4.7,Facebook,No,7.2,7,In Relationship,2,5,0,16.9,Medium,0
651,19,Female,Undergraduate,Russia,6.8,Instagram,Yes,5.9,4,Single,5,9,-5,22.1,Medium,1
652,22,Male,Graduate,China,5.6,Wechat,Yes,6.7,6,In Relationship,3,7,0,21.7,Medium,1
653,20,Female,Undergraduate,Japan,4.3,Twitter,No,7.5,8,Single,2,4,0,14.6,Low,2
654,23,Male,Graduate,Poland,6.2,Tiktok,Yes,6.3,5,Single,4,8,0,24.4,Medium,1
655,21,Female,Undergraduate,Finland,4.4,Instagram,No,7.4,7,In Relationship,2,5,0,16.3,Medium,0
656,24,Male,Graduate,Spain,6.5,Facebook,Yes,6.1,5,Single,4,8,0,25.0,Medium,1
657,19,Female,Undergraduate,Denmark,4.6,Twitter,No,7.3,7,In Relationship,2,5,0,16.7,Medium,0
658,22,Male,Graduate,Ireland,5.8,Instagram,Yes,6.6,6,Single,3,7,0,22.1,Medium,1
659,20,Female,Undergraduate,India,7.1,Tiktok,Yes,5.8,4,Single,5,9,-5,22.7,Medium,1
660,23,Male,Graduate,Switzerland,4.5,Facebook,No,7.3,7,In Relationship,2,5,0,16.5,Medium,0
661,21,Female,Undergraduate,Turkey,6.7,Instagram,Yes,6.0,5,Single,4,8,0,25.4,High,1
662,24,Male,Graduate,Usa,5.4,Twitter,Yes,6.8,6,In Relationship,3,7,0,21.3,Medium,1
663,19,Female,Undergraduate,Mexico,6.4,Tiktok,Yes,6.2,5,Single,4,8,0,24.8,Medium,1
664,22,Male,Graduate,France,4.7,Facebook,No,7.2,7,In Relationship,2,5,0,16.9,Medium,0
665,20,Female,Undergraduate,Canada,5.6,Instagram,Yes,6.7,6,Single,3,7,0,21.7,Medium,1
666,23,Male,Graduate,Uk,6.3,Twitter,Yes,6.2,5,Single,4,8,0,24.6,Medium,1
667,21,Female,Undergraduate,Italy,4.8,Tiktok,No,7.1,7,In Relationship,2,5,0,17.1,Medium,0
668,24,Male,Graduate,Russia,6.9,Instagram,Yes,5.9,4,Single,5,9,-5,22.3,Medium,1
669,19,Female,Undergraduate,China,5.7,Wechat,Yes,6.7,6,In Relationship,3,7,0,21.9,Medium,1
670,22,Male,Graduate,Japan,4.4,Twitter,No,7.4,8,Single,2,4,0,14.8,Low,2
671,20,Female,Undergraduate,Poland,6.1,Facebook,Yes,6.4,5,Single,4,8,0,24.2,Medium,1
672,23,Male,Graduate,Finland,4.3,Instagram,No,7.5,7,In Relationship,2,5,0,16.1,Medium,0
673,21,Female,Undergraduate,Spain,6.4,Tiktok,Yes,6.2,5,Single,4,8,0,24.8,Medium,1
674,24,Male,Graduate,Denmark,4.5,Twitter,No,7.3,7,In Relationship,2,5,0,16.5,Medium,0
675,19,Female,Undergraduate,Ireland,5.9,Instagram,Yes,6.5,6,Single,3,7,0,22.3,Medium,1
676,22,Male,Graduate,India,7.2,Facebook,Yes,5.7,4,Single,5,9,-5,22.9,Medium,1
677,20,Female,Undergraduate,Switzerland,4.6,Tiktok,No,7.2,7,In Relationship,2,5,0,16.7,Medium,0
678,23,Male,Graduate,Turkey,6.8,Instagram,Yes,6.0,5,Single,4,8,0,25.6,High,1
679,21,Female,Undergraduate,Usa,5.3,Twitter,Yes,6.8,6,In Relationship,3,7,0,21.1,Medium,1
680,24,Male,Graduate,Mexico,6.2,Facebook,Yes,6.3,5,Single,4,8,0,24.4,Medium,1
681,19,Female,Undergraduate,France,4.7,Instagram,No,7.2,7,In Relationship,2,5,0,16.9,Medium,0
682,22,Male,Graduate,Canada,5.8,Tiktok,Yes,6.6,6,Single,3,7,0,22.1,Medium,1
683,20,Female,Undergraduate,Uk,6.1,Twitter,Yes,6.4,5,Single,4,8,0,24.2,Medium,1
684,23,Male,Graduate,Italy,4.8,Facebook,No,7.1,7,In Relationship,2,5,0,17.1,Medium,0
685,21,Female,Undergraduate,Russia,6.7,Instagram,Yes,6.0,4,Single,5,9,0,26.9,High,1
686,24,Male,Graduate,China,5.5,Wechat,Yes,6.8,6,In Relationship,3,7,0,21.5,Medium,1
687,19,Female,Undergraduate,Japan,4.2,Twitter,No,7.5,8,Single,2,4,0,14.4,Low,2
688,22,Male,Graduate,Poland,6.3,Tiktok,Yes,6.2,5,Single,4,8,0,24.6,Medium,1
689,20,Female,Undergraduate,Finland,4.4,Instagram,No,7.4,7,In Relationship,2,5,0,16.3,Medium,0
690,23,Male,Graduate,Spain,6.5,Facebook,Yes,6.1,5,Single,4,8,0,25.0,Medium,1
691,21,Female,Undergraduate,Denmark,4.6,Twitter,No,7.3,7,In Relationship,2,5,0,16.7,Medium,0
692,24,Male,Graduate,Ireland,5.9,Instagram,Yes,6.5,6,Single,3,7,0,22.3,Medium,1
693,19,Female,Undergraduate,India,7.0,Tiktok,Yes,5.8,4,Single,5,9,-5,22.5,Medium,1
694,22,Male,Graduate,Switzerland,4.5,Facebook,No,7.3,7,In Relationship,2,5,0,16.5,Medium,0
695,20,Female,Undergraduate,Turkey,6.6,Instagram,Yes,6.1,5,Single,4,8,0,25.2,High,1
696,23,Male,Graduate,Usa,5.5,Twitter,Yes,6.7,6,In Relationship,3,7,0,21.5,Medium,1
697,21,Female,Undergraduate,Mexico,6.3,Tiktok,Yes,6.2,5,Single,4,8,0,24.6,Medium,1
698,24,Male,Graduate,France,4.8,Facebook,No,7.1,7,In Relationship,2,5,0,17.1,Medium,0
699,19,Female,Undergraduate,Canada,5.7,Instagram,Yes,6.6,6,Single,3,7,0,21.9,Medium,1
700,22,Male,Graduate,Uk,6.2,Twitter,Yes,6.3,5,Single,4,8,0,24.4,Medium,1
701,20,Female,Undergraduate,Italy,4.7,Tiktok,No,7.2,7,In Relationship,2,5,0,16.9,Medium,0
702,23,Male,Graduate,Russia,6.8,Instagram,Yes,5.9,4,Single,5,9,-5,22.1,Medium,1
703,21,Female,Undergraduate,China,5.6,Wechat,Yes,6.7,6,In Relationship,3,7,0,21.7,Medium,1
704,24,Male,Graduate,Japan,4.3,Twitter,No,7.5,8,Single,2,4,0,14.6,Low,2
705,19,Female,Undergraduate,Poland,6.2,Facebook,Yes,6.3,5,Single,4,8,0,24.4,Medium,1
